id_historical;id_user;id_advert;is_favorite
1;383;313;0
2;823;214;0
3;967;363;1
4;22;726;1
5;95;681;0
6;702;261;1
7;525;597;0
8;926;39;1
9;833;717;0
10;226;52;1
11;698;667;1
12;367;190;1
13;525;365;0
14;74;450;1
15;496;362;0
16;363;487;1
17;457;540;1
18;915;279;0
19;695;179;1
20;473;720;0
21;705;467;1
22;98;511;0
23;399;395;1
24;995;473;0
25;959;297;0
26;352;650;1
27;542;766;0
28;926;159;1
29;982;160;0
30;654;724;0
31;726;97;0
32;568;738;0
33;479;565;0
34;984;307;0
35;742;446;1
36;942;116;0
37;310;567;0
38;111;233;0
39;910;733;0
40;871;335;0
41;104;704;0
42;453;175;0
43;404;543;1
44;591;635;1
45;144;324;0
46;73;132;0
47;146;755;1
48;314;30;0
49;603;396;0
50;719;101;0
51;212;711;0
52;324;540;0
53;143;771;0
54;137;340;0
55;678;753;0
56;277;769;0
57;483;648;0
58;191;291;0
59;647;427;1
60;852;720;0
61;410;638;0
62;514;712;0
63;28;95;0
64;60;533;0
65;246;363;0
66;764;521;1
67;316;780;0
68;743;400;0
69;783;360;1
70;393;467;0
71;34;307;0
72;358;500;0
73;554;140;0
74;615;168;0
75;499;695;0
76;462;52;0
77;15;244;0
78;50;253;0
79;95;47;0
80;221;710;0
81;525;286;0
82;101;508;0
83;952;230;0
84;556;594;0
85;506;604;1
86;440;149;1
87;430;690;0
88;348;740;0
89;850;542;1
90;117;249;0
91;711;555;0
92;376;656;0
93;170;555;0
94;520;267;1
95;185;114;1
96;543;395;0
97;401;719;0
98;920;584;0
99;162;646;1
100;992;794;0
101;863;22;1
102;141;628;0
103;194;3;0
104;562;403;1
105;638;738;0
106;841;455;1
107;198;557;0
108;831;16;0
109;506;775;0
110;908;86;1
111;985;621;0
112;187;515;0
113;147;290;0
114;944;685;0
115;444;558;0
116;971;175;1
117;229;348;0
118;983;271;0
119;814;728;0
120;68;452;0
121;154;719;0
122;22;443;0
123;987;522;1
124;630;244;0
125;757;697;0
126;30;365;0
127;639;267;0
128;882;326;0
129;526;419;1
130;235;45;0
131;672;187;1
132;249;207;0
133;189;274;1
134;776;761;1
135;492;247;1
136;351;239;0
137;904;609;1
138;787;249;1
139;551;371;1
140;414;493;1
141;417;502;1
142;320;734;0
143;551;171;1
144;600;221;0
145;560;1;0
146;13;349;1
147;573;778;0
148;135;548;1
149;867;467;1
150;845;206;0
151;245;425;1
152;771;783;0
153;947;127;0
154;628;500;1
155;997;224;0
156;963;148;0
157;215;463;0
158;583;380;0
159;635;642;0
160;730;324;0
161;573;279;0
162;208;169;0
163;908;355;1
164;934;751;0
165;455;233;0
166;7;156;1
167;466;730;1
168;351;676;0
169;24;58;0
170;23;514;0
171;588;303;1
172;624;50;0
173;333;587;0
174;559;333;0
175;479;392;0
176;840;555;0
177;384;794;0
178;318;185;1
179;706;605;1
180;718;249;0
181;899;459;0
182;191;483;0
183;933;657;1
184;980;582;0
185;988;147;0
186;348;627;1
187;204;17;0
188;382;675;0
189;941;10;0
190;974;77;1
191;838;783;0
192;730;618;0
193;539;495;1
194;134;400;1
195;976;407;0
196;854;720;1
197;678;268;1
198;100;319;0
199;61;650;1
200;100;232;0
201;627;125;0
202;571;260;0
203;848;202;0
204;342;63;1
205;372;587;0
206;173;772;1
207;733;720;0
208;590;85;1
209;627;163;1
210;849;589;0
211;935;8;0
212;767;355;0
213;690;216;1
214;720;504;1
215;440;388;0
216;288;418;1
217;216;27;0
218;41;1;1
219;987;632;0
220;106;357;0
221;889;174;1
222;621;206;0
223;641;239;1
224;133;224;0
225;993;754;1
226;940;415;0
227;688;383;0
228;292;610;0
229;502;64;1
230;924;194;0
231;855;739;0
232;680;224;1
233;185;430;0
234;423;112;0
235;198;112;0
236;439;452;1
237;975;78;0
238;912;381;1
239;987;470;0
240;183;619;0
241;488;653;0
242;785;555;0
243;851;393;1
244;386;410;0
245;253;766;1
246;681;791;0
247;642;213;1
248;269;676;1
249;584;748;0
250;136;260;0
251;97;497;1
252;793;122;0
253;116;335;0
254;485;335;0
255;603;377;0
256;615;199;0
257;660;163;0
258;537;420;0
259;810;513;0
260;664;794;1
261;221;768;0
262;24;6;1
263;2;470;0
264;654;112;0
265;7;288;1
266;318;202;0
267;330;630;1
268;70;378;1
269;510;537;1
270;228;341;0
271;191;592;0
272;627;136;0
273;129;202;1
274;441;705;1
275;952;39;1
276;508;177;0
277;381;238;0
278;834;599;0
279;72;196;0
280;221;695;0
281;944;798;0
282;567;167;0
283;789;193;1
284;59;254;0
285;591;702;0
286;821;270;0
287;832;480;0
288;348;248;0
289;894;75;1
290;375;294;1
291;174;278;0
292;594;230;0
293;394;545;0
294;128;746;0
295;879;782;1
296;628;791;1
297;136;651;1
298;802;282;0
299;577;487;1
300;187;507;0
301;593;383;0
302;119;270;0
303;738;432;1
304;592;226;0
305;167;553;1
306;88;723;0
307;883;506;0
308;136;29;0
309;834;600;0
310;527;415;0
311;681;636;1
312;216;197;1
313;52;260;0
314;712;296;0
315;143;189;0
316;93;591;0
317;690;711;1
318;32;199;0
319;445;186;0
320;696;409;0
321;411;324;0
322;353;430;1
323;857;151;0
324;261;591;0
325;985;522;1
326;510;36;0
327;714;221;0
328;913;731;1
329;126;578;1
330;712;334;1
331;153;444;0
332;729;709;0
333;464;445;1
334;419;672;0
335;775;752;0
336;746;344;1
337;297;373;1
338;20;675;1
339;980;286;1
340;296;512;0
341;164;604;0
342;708;252;0
343;576;697;0
344;119;279;0
345;719;177;1
346;99;756;0
347;751;722;0
348;284;770;1
349;132;190;0
350;99;387;0
351;685;272;1
352;809;532;0
353;404;403;0
354;370;138;0
355;981;142;1
356;560;200;1
357;656;442;0
358;405;195;0
359;919;699;1
360;522;642;0
361;335;410;1
362;670;359;0
363;677;121;0
364;17;673;1
365;858;744;1
366;171;305;0
367;109;214;0
368;711;190;0
369;642;189;0
370;265;233;0
371;417;759;0
372;230;192;0
373;575;566;0
374;961;327;0
375;602;94;0
376;693;276;0
377;591;264;0
378;505;725;0
379;935;577;0
380;813;797;0
381;350;146;0
382;289;139;0
383;991;550;0
384;864;266;0
385;858;458;0
386;939;745;0
387;567;100;1
388;351;662;1
389;759;154;0
390;806;715;1
391;542;715;1
392;255;749;1
393;84;693;0
394;513;292;0
395;128;794;0
396;820;549;0
397;753;772;0
398;110;682;0
399;658;761;0
400;36;245;1
401;366;387;0
402;425;771;1
403;607;681;0
404;176;351;0
405;693;378;0
406;516;154;0
407;502;36;0
408;701;495;0
409;189;31;0
410;207;253;1
411;247;350;0
412;946;783;0
413;860;269;0
414;449;65;0
415;906;227;0
416;898;435;0
417;101;660;1
418;631;17;0
419;87;550;0
420;671;485;0
421;277;481;0
422;227;758;0
423;504;50;0
424;967;686;1
425;555;254;0
426;708;158;1
427;880;556;1
428;645;648;1
429;475;263;1
430;695;330;0
431;937;199;0
432;842;502;0
433;510;377;1
434;917;120;0
435;92;755;0
436;691;396;0
437;101;207;0
438;289;52;0
439;494;608;0
440;916;315;0
441;387;540;0
442;996;770;1
443;98;790;0
444;93;572;1
445;414;466;0
446;297;430;0
447;496;162;1
448;631;740;1
449;697;511;0
450;40;436;0
451;789;715;1
452;175;359;0
453;66;742;0
454;792;614;0
455;413;234;0
456;918;223;1
457;617;562;0
458;7;706;0
459;530;147;0
460;738;488;0
461;577;246;1
462;808;188;0
463;551;83;0
464;34;624;0
465;184;226;0
466;973;370;0
467;238;412;0
468;782;606;0
469;55;596;0
470;480;111;1
471;670;405;1
472;185;285;0
473;234;474;0
474;180;211;0
475;842;643;0
476;826;426;0
477;431;183;0
478;438;571;1
479;755;520;1
480;340;499;0
481;354;698;1
482;228;489;0
483;976;466;1
484;552;80;1
485;502;10;0
486;750;541;0
487;925;437;1
488;889;584;0
489;60;342;1
490;866;339;0
491;21;731;0
492;130;408;0
493;77;380;0
494;777;216;0
495;948;116;0
496;229;659;0
497;126;705;0
498;705;758;0
499;429;370;0
500;539;706;1
501;605;545;0
502;137;250;0
503;426;611;0
504;809;135;0
505;263;389;1
506;439;117;0
507;687;305;0
508;201;509;0
509;709;310;0
510;959;469;0
511;286;764;0
512;407;669;0
513;804;372;1
514;973;4;1
515;662;454;0
516;180;589;0
517;371;633;0
518;117;672;0
519;227;349;1
520;482;437;1
521;834;39;1
522;439;549;0
523;112;461;0
524;535;379;0
525;102;126;0
526;900;62;0
527;458;68;0
528;919;609;1
529;907;145;1
530;97;753;0
531;374;701;1
532;738;256;0
533;393;401;1
534;687;84;0
535;31;13;0
536;837;13;0
537;661;129;0
538;58;127;0
539;320;36;0
540;131;35;0
541;891;538;0
542;249;466;0
543;205;430;0
544;969;160;1
545;885;242;0
546;113;285;0
547;324;710;1
548;254;428;0
549;492;88;0
550;76;788;0
551;809;581;0
552;720;757;0
553;739;508;1
554;205;87;1
555;416;487;1
556;740;44;0
557;986;47;0
558;796;531;1
559;253;800;0
560;422;33;0
561;194;625;0
562;55;279;1
563;965;10;0
564;188;707;1
565;225;122;0
566;107;468;0
567;882;284;1
568;532;556;0
569;237;332;0
570;30;327;0
571;367;559;0
572;527;582;1
573;827;780;1
574;827;527;0
575;490;774;0
576;518;283;0
577;988;27;0
578;723;289;1
579;565;11;0
580;198;650;0
581;321;236;1
582;616;533;0
583;531;105;0
584;731;136;0
585;238;725;0
586;576;488;1
587;668;347;0
588;851;733;1
589;896;242;1
590;467;58;0
591;589;4;0
592;832;636;0
593;568;382;1
594;88;735;1
595;539;375;0
596;139;334;0
597;934;663;1
598;5;154;0
599;537;550;1
600;903;688;0
601;760;391;0
602;615;395;1
603;50;712;0
604;463;603;0
605;803;26;0
606;593;520;1
607;92;391;0
608;660;171;1
609;552;427;0
610;930;416;0
611;250;564;1
612;35;682;0
613;563;395;0
614;366;663;1
615;634;372;0
616;215;682;0
617;506;374;1
618;499;669;1
619;258;273;0
620;532;701;0
621;860;469;0
622;386;461;1
623;843;160;0
624;905;321;0
625;24;79;1
626;400;729;0
627;446;588;1
628;610;28;0
629;752;715;0
630;80;375;0
631;160;639;1
632;492;533;0
633;40;24;0
634;514;298;0
635;538;655;1
636;561;222;0
637;152;269;1
638;45;319;1
639;44;774;0
640;412;162;1
641;328;709;0
642;817;650;1
643;729;335;0
644;255;761;0
645;963;77;0
646;337;64;0
647;987;577;1
648;76;65;0
649;197;370;0
650;242;752;0
651;845;42;0
652;672;82;1
653;77;69;0
654;463;341;0
655;974;219;0
656;73;320;1
657;215;681;0
658;941;212;0
659;157;488;0
660;2;380;0
661;119;531;0
662;1000;645;0
663;186;465;0
664;863;331;0
665;220;765;1
666;631;530;1
667;636;634;0
668;534;107;0
669;543;400;0
670;263;626;0
671;943;523;0
672;269;145;0
673;134;129;1
674;810;74;0
675;131;164;0
676;45;630;0
677;871;755;1
678;635;682;0
679;704;545;1
680;95;800;0
681;966;533;0
682;812;324;0
683;776;381;0
684;744;61;1
685;187;664;1
686;370;371;0
687;783;740;0
688;653;512;0
689;612;707;1
690;1001;315;0
691;411;776;1
692;299;642;0
693;817;101;0
694;78;704;1
695;625;277;0
696;381;174;0
697;644;196;1
698;956;478;0
699;993;778;1
700;229;403;0
701;498;46;0
702;549;270;0
703;675;790;0
704;271;594;0
705;244;334;0
706;500;654;0
707;130;151;0
708;887;278;0
709;901;134;0
710;279;629;0
711;18;291;0
712;410;776;0
713;415;383;0
714;205;470;0
715;78;778;0
716;199;709;0
717;300;19;0
718;683;609;0
719;782;528;0
720;367;275;0
721;493;173;0
722;871;154;0
723;642;621;0
724;672;368;1
725;885;240;0
726;31;231;0
727;96;464;1
728;672;557;0
729;944;594;0
730;320;730;1
731;452;686;1
732;357;761;0
733;908;394;0
734;604;292;0
735;435;14;1
736;565;755;0
737;733;302;0
738;23;648;0
739;316;757;0
740;792;24;0
741;361;42;1
742;868;700;0
743;301;662;0
744;21;525;1
745;483;433;0
746;4;236;1
747;709;710;0
748;906;120;1
749;725;269;0
750;639;40;0
751;571;153;0
752;448;748;1
753;632;90;0
754;931;679;1
755;315;471;0
756;420;108;0
757;736;568;0
758;402;626;0
759;170;535;1
760;871;294;0
761;276;455;0
762;853;677;0
763;814;630;0
764;422;368;1
765;829;282;1
766;408;280;1
767;460;751;1
768;569;453;1
769;503;571;0
770;396;388;0
771;389;455;0
772;950;216;0
773;584;622;0
774;302;631;0
775;681;509;0
776;924;389;0
777;307;87;1
778;53;187;0
779;548;74;0
780;511;550;0
781;290;122;0
782;386;105;0
783;263;527;0
784;455;432;0
785;757;644;0
786;659;222;1
787;302;674;1
788;797;105;0
789;430;720;1
790;426;683;1
791;68;315;0
792;377;729;0
793;244;499;1
794;505;759;0
795;465;492;0
796;269;606;1
797;414;621;0
798;5;723;0
799;484;576;0
800;1;628;0
801;207;471;1
802;982;157;0
803;752;746;0
804;46;461;0
805;519;130;0
806;132;273;0
807;499;201;0
808;309;158;0
809;294;322;0
810;760;678;1
811;847;9;1
812;219;654;0
813;597;364;0
814;96;95;0
815;207;577;1
816;948;86;0
817;991;741;0
818;259;603;1
819;751;653;0
820;630;645;0
821;522;26;0
822;248;116;1
823;103;538;0
824;9;301;0
825;432;5;0
826;790;56;1
827;623;409;0
828;193;505;1
829;257;741;0
830;99;116;1
831;902;393;0
832;743;311;1
833;735;587;0
834;474;522;0
835;687;335;1
836;172;800;1
837;82;243;0
838;361;107;0
839;877;701;1
840;810;571;0
841;130;540;0
842;239;713;0
843;538;101;1
844;305;631;1
845;247;1;0
846;682;226;0
847;403;499;0
848;114;347;0
849;848;466;0
850;367;27;1
851;976;549;1
852;733;161;1
853;260;375;0
854;814;670;0
855;395;33;0
856;411;663;0
857;275;386;1
858;968;37;1
859;286;184;1
860;879;340;0
861;491;784;0
862;309;194;0
863;398;490;0
864;716;234;0
865;73;216;0
866;658;43;0
867;106;146;0
868;638;239;0
869;585;798;0
870;425;393;0
871;181;356;0
872;202;196;1
873;795;27;0
874;205;177;0
875;718;523;0
876;311;780;0
877;673;582;0
878;421;102;1
879;180;471;0
880;86;615;1
881;783;415;0
882;339;666;0
883;955;381;0
884;589;34;0
885;930;172;0
886;926;652;0
887;466;775;0
888;461;419;1
889;844;174;0
890;31;729;0
891;794;514;1
892;676;690;0
893;932;517;1
894;23;430;0
895;967;361;1
896;496;33;1
897;633;9;1
898;724;115;0
899;438;70;0
900;722;713;1
901;420;442;1
902;550;339;0
903;846;702;1
904;432;780;0
905;882;318;0
906;999;463;0
907;665;704;0
908;853;601;0
909;357;453;0
910;552;571;0
911;261;272;0
912;106;330;0
913;763;160;0
914;747;256;0
915;47;487;0
916;119;171;0
917;227;329;0
918;116;662;0
919;374;766;0
920;594;340;0
921;563;601;0
922;977;788;0
923;134;734;1
924;249;597;1
925;877;228;1
926;411;145;1
927;825;45;0
928;722;750;0
929;128;564;0
930;158;281;0
931;784;795;0
932;597;514;0
933;762;230;1
934;299;9;0
935;832;312;1
936;691;409;0
937;483;686;1
938;767;136;0
939;825;164;0
940;319;606;1
941;777;325;0
942;825;67;0
943;954;581;0
944;158;391;0
945;111;561;1
946;529;22;1
947;945;692;0
948;271;658;0
949;959;382;0
950;661;44;1
951;49;356;0
952;443;322;0
953;845;709;0
954;690;377;0
955;262;113;0
956;549;587;0
957;723;740;0
958;781;611;1
959;137;155;1
960;728;258;1
961;463;125;1
962;989;728;1
963;845;766;0
964;30;218;0
965;184;492;0
966;590;101;1
967;738;762;1
968;15;401;1
969;701;613;0
970;31;509;0
971;833;116;0
972;885;711;0
973;162;444;1
974;760;767;0
975;831;363;1
976;533;547;0
977;382;116;0
978;289;186;1
979;390;651;0
980;464;282;0
981;68;498;1
982;246;100;1
983;756;300;0
984;897;479;0
985;897;154;0
986;448;480;0
987;398;630;0
988;504;518;0
989;355;704;0
990;883;274;0
991;747;335;0
992;755;326;1
993;944;749;0
994;145;282;0
995;890;260;1
996;732;800;0
997;105;265;1
998;129;611;1
999;597;181;0
1000;506;466;0
1001;823;282;1
1002;173;321;1
1003;241;534;0
1004;66;747;0
1005;716;376;0
1006;682;101;1
1007;26;795;0
1008;914;388;0
1009;192;775;0
1010;771;594;0
1011;550;228;0
1012;975;391;0
1013;190;464;1
1014;411;319;0
1015;769;167;1
1016;884;363;0
1017;652;774;0
1018;838;168;0
1019;604;447;1
1020;318;783;0
1021;282;132;0
1022;236;500;0
1023;275;482;1
1024;618;97;0
1025;821;555;0
1026;105;635;0
1027;210;526;1
1028;896;728;0
1029;152;348;1
1030;219;713;1
1031;242;94;1
1032;453;736;0
1033;935;549;0
1034;169;79;0
1035;819;411;0
1036;503;465;0
1037;284;203;1
1038;937;529;0
1039;28;385;1
1040;550;698;0
1041;131;147;1
1042;326;362;0
1043;146;96;0
1044;827;290;0
1045;548;799;1
1046;540;255;0
1047;41;161;0
1048;345;25;1
1049;343;718;0
1050;724;703;0
1051;368;489;0
1052;626;654;1
1053;764;731;0
1054;325;498;1
1055;201;584;0
1056;836;612;0
1057;409;225;0
1058;198;320;0
1059;234;77;1
1060;308;571;0
1061;307;733;0
1062;304;20;0
1063;503;154;0
1064;729;649;0
1065;63;92;1
1066;43;265;0
1067;156;550;0
1068;884;100;1
1069;93;207;0
1070;262;673;0
1071;312;340;1
1072;632;313;0
1073;778;9;0
1074;370;306;0
1075;770;641;0
1076;418;343;0
1077;991;654;1
1078;28;269;0
1079;796;63;0
1080;707;107;1
1081;158;660;0
1082;426;19;0
1083;599;310;0
1084;654;154;0
1085;966;167;0
1086;915;289;1
1087;142;586;1
1088;330;326;0
1089;54;316;0
1090;759;437;0
1091;327;675;1
1092;931;499;1
1093;647;539;1
1094;329;73;1
1095;695;134;0
1096;583;220;1
1097;261;486;0
1098;122;551;0
1099;238;238;0
1100;937;265;0
1101;168;368;0
1102;704;400;0
1103;589;285;1
1104;34;684;0
1105;923;754;0
1106;452;782;0
1107;777;299;0
1108;196;312;0
1109;500;468;1
1110;44;118;0
1111;859;306;0
1112;259;166;1
1113;433;330;0
1114;257;129;0
1115;890;516;0
1116;947;685;0
1117;50;575;1
1118;633;670;1
1119;783;798;1
1120;644;21;1
1121;754;683;0
1122;462;147;1
1123;306;4;0
1124;642;236;0
1125;505;800;1
1126;972;159;0
1127;376;158;1
1128;137;346;1
1129;901;84;1
1130;843;530;1
1131;422;784;0
1132;699;75;0
1133;513;331;0
1134;904;75;0
1135;618;135;0
1136;250;506;1
1137;759;291;0
1138;414;250;0
1139;431;326;1
1140;235;634;0
1141;828;684;0
1142;195;791;0
1143;570;256;0
1144;281;287;0
1145;198;515;0
1146;981;319;1
1147;927;92;1
1148;433;648;0
1149;824;42;1
1150;442;385;0
1151;307;185;0
1152;262;91;0
1153;296;302;1
1154;614;196;0
1155;848;348;1
1156;36;780;0
1157;723;351;1
1158;258;614;0
1159;903;140;0
1160;508;320;1
1161;5;603;0
1162;567;366;0
1163;712;205;0
1164;649;346;0
1165;977;475;1
1166;101;210;0
1167;76;411;1
1168;993;133;1
1169;885;132;1
1170;189;257;0
1171;42;499;1
1172;504;106;0
1173;836;726;1
1174;1;620;0
1175;394;567;0
1176;647;114;1
1177;28;584;0
1178;683;125;0
1179;561;536;0
1180;359;213;0
1181;389;596;1
1182;63;441;0
1183;897;516;0
1184;520;684;0
1185;768;515;0
1186;548;393;0
1187;690;199;0
1188;233;486;0
1189;995;542;1
1190;415;249;0
1191;736;698;0
1192;443;509;0
1193;314;712;0
1194;67;778;0
1195;123;633;0
1196;906;677;0
1197;637;523;0
1198;270;479;1
1199;800;173;1
1200;774;27;1
1201;182;463;0
1202;459;183;0
1203;120;568;0
1204;863;9;1
1205;520;243;1
1206;406;536;0
1207;507;756;0
1208;375;203;0
1209;642;778;0
1210;267;297;0
1211;81;202;0
1212;558;275;1
1213;930;35;1
1214;422;424;1
1215;41;547;0
1216;633;210;0
1217;587;189;0
1218;18;331;0
1219;513;41;0
1220;169;501;1
1221;986;754;0
1222;415;620;0
1223;525;548;0
1224;309;424;1
1225;680;188;1
1226;160;437;0
1227;606;672;0
1228;563;428;1
1229;166;701;1
1230;587;232;0
1231;585;93;1
1232;423;690;1
1233;125;66;0
1234;498;566;0
1235;791;714;0
1236;661;666;0
1237;151;261;0
1238;197;719;0
1239;249;638;0
1240;829;547;1
1241;534;137;1
1242;589;94;0
1243;503;114;0
1244;725;518;1
1245;645;263;1
1246;783;604;0
1247;471;513;1
1248;146;511;0
1249;733;543;0
1250;636;586;0
1251;542;710;0
1252;814;401;0
1253;950;313;0
1254;199;762;1
1255;761;179;1
1256;639;663;0
1257;37;224;0
1258;310;491;1
1259;789;506;1
1260;680;46;0
1261;799;376;0
1262;258;406;0
1263;939;588;0
1264;685;37;0
1265;924;440;1
1266;388;251;0
1267;636;563;1
1268;965;466;0
1269;438;245;0
1270;136;300;0
1271;730;721;0
1272;737;157;0
1273;684;172;0
1274;367;603;0
1275;868;534;0
1276;271;83;1
1277;547;398;0
1278;93;298;1
1279;267;693;0
1280;998;23;0
1281;316;62;1
1282;77;782;0
1283;275;70;0
1284;537;69;0
1285;165;397;1
1286;243;388;1
1287;874;712;0
1288;642;794;1
1289;454;45;1
1290;428;689;0
1291;335;215;0
1292;243;62;0
1293;602;333;0
1294;51;654;0
1295;755;714;0
1296;997;463;0
1297;132;645;0
1298;963;249;0
1299;976;727;0
1300;610;13;0
1301;449;76;0
1302;528;742;0
1303;236;220;0
1304;697;672;0
1305;521;713;0
1306;24;525;0
1307;879;317;1
1308;392;310;0
1309;826;119;0
1310;216;669;0
1311;651;351;1
1312;175;681;0
1313;77;734;1
1314;347;798;0
1315;942;588;1
1316;940;785;0
1317;979;151;0
1318;784;309;1
1319;406;204;0
1320;828;437;0
1321;166;57;0
1322;737;76;1
1323;912;729;1
1324;517;48;0
1325;151;217;1
1326;399;39;1
1327;368;508;1
1328;12;742;0
1329;242;765;0
1330;140;472;0
1331;819;110;0
1332;810;345;1
1333;193;474;0
1334;654;139;1
1335;506;571;0
1336;691;633;0
1337;755;629;0
1338;124;677;1
1339;860;452;0
1340;509;353;1
1341;451;759;1
1342;162;426;0
1343;28;277;0
1344;357;559;0
1345;490;621;0
1346;922;597;0
1347;355;598;0
1348;166;32;1
1349;286;53;0
1350;132;615;0
1351;524;622;0
1352;516;210;0
1353;867;776;0
1354;998;613;0
1355;102;497;0
1356;125;750;0
1357;673;514;0
1358;122;158;0
1359;448;613;0
1360;158;97;1
1361;295;240;0
1362;235;402;0
1363;313;519;1
1364;180;25;0
1365;178;321;0
1366;215;248;0
1367;573;765;0
1368;985;245;1
1369;261;227;1
1370;767;202;1
1371;357;790;0
1372;286;492;0
1373;670;759;1
1374;244;568;1
1375;345;679;0
1376;458;215;1
1377;167;43;0
1378;423;261;0
1379;610;471;0
1380;65;227;0
1381;362;269;0
1382;863;765;0
1383;955;308;1
1384;297;299;0
1385;2;277;0
1386;406;607;1
1387;486;696;1
1388;68;448;1
1389;692;664;0
1390;47;347;0
1391;253;277;1
1392;558;16;1
1393;951;341;1
1394;434;225;0
1395;952;160;0
1396;577;65;0
1397;472;741;0
1398;29;736;0
1399;736;22;0
1400;115;571;0
1401;423;77;0
1402;398;461;0
1403;959;749;0
1404;162;416;0
1405;16;490;0
1406;899;7;0
1407;513;800;0
1408;664;6;0
1409;200;478;0
1410;972;450;0
1411;16;112;1
1412;859;366;0
1413;762;439;0
1414;960;56;0
1415;680;149;0
1416;730;308;0
1417;243;500;0
1418;187;312;1
1419;748;797;0
1420;322;63;0
1421;463;566;0
1422;422;643;0
1423;544;554;0
1424;188;680;0
1425;197;656;0
1426;600;466;1
1427;566;465;1
1428;692;747;0
1429;829;787;0
1430;991;422;0
1431;342;131;1
1432;175;89;0
1433;743;259;0
1434;687;166;1
1436;231;507;1
1437;426;562;0
1438;107;644;0
1439;852;429;1
1440;16;228;0
1441;704;227;1
1442;414;199;1
1443;840;14;0
1444;771;774;1
1445;645;69;0
1446;74;599;0
1447;447;464;1
1448;284;756;1
1449;88;261;0
1450;479;243;1
1451;664;161;0
1452;273;363;1
1453;362;395;0
1454;123;141;0
1455;302;447;0
1456;772;603;1
1457;38;91;0
1458;45;778;0
1459;255;668;1
1460;659;242;1
1461;155;134;0
1462;351;706;1
1463;266;363;0
1464;2;202;0
1465;789;30;0
1466;13;225;0
1467;453;708;0
1468;652;342;1
1469;171;773;0
1470;864;27;1
1471;344;19;0
1472;524;70;0
1473;182;253;0
1474;63;658;0
1475;996;750;1
1476;482;294;0
1477;896;607;0
1478;429;102;1
1479;446;131;0
1480;273;23;0
1481;726;119;1
1482;415;335;0
1483;665;13;1
1484;464;528;0
1485;58;2;0
1486;237;477;0
1487;558;109;0
1488;972;496;0
1489;869;298;1
1490;71;224;0
1491;492;302;1
1492;393;447;0
1493;419;612;0
1494;861;766;0
1495;825;639;0
1496;726;267;0
1497;509;748;1
1498;242;82;0
1499;227;335;1
1500;742;710;0
1501;447;654;0
1502;247;323;0
1503;308;390;1
1504;599;343;1
1505;941;200;1
1506;379;655;1
1507;245;105;1
1508;695;438;0
1509;46;439;1
1510;59;426;0
1511;856;700;0
1512;366;779;0
1513;446;561;0
1514;124;47;0
1515;7;418;0
1516;934;518;0
1517;987;53;0
1518;459;287;0
1519;922;89;0
1520;935;712;0
1521;993;137;0
1522;444;147;1
1523;292;671;0
1524;125;99;0
1525;897;691;0
1526;235;256;0
1527;427;726;1
1528;186;468;0
1529;316;342;1
1530;577;346;0
1531;229;126;0
1532;771;107;0
1533;243;355;0
1534;827;793;1
1535;425;665;0
1536;974;84;0
1537;220;710;0
1538;893;290;0
1539;365;321;0
1540;563;698;1
1541;805;490;0
1542;152;110;0
1543;448;690;0
1544;911;196;1
1545;929;599;1
1546;880;281;0
1547;586;794;0
1548;222;25;0
1549;386;158;0
1550;145;370;0
1551;445;679;0
1552;937;345;0
1553;591;275;0
1554;788;545;1
1555;201;458;0
1556;406;697;0
1557;159;95;0
1558;957;37;0
1559;147;107;0
1560;303;619;0
1561;865;62;0
1562;45;632;0
1563;996;395;1
1564;535;636;0
1565;979;340;0
1566;120;55;0
1567;261;708;1
1568;618;62;0
1569;587;207;0
1570;611;501;0
1571;519;775;0
1572;242;401;1
1573;955;282;0
1574;312;489;0
1575;862;711;1
1576;404;188;1
1577;372;230;0
1578;655;788;1
1579;694;87;0
1580;604;413;0
1581;406;126;1
1582;1000;398;0
1583;294;600;0
1584;187;331;0
1585;959;324;1
1586;560;92;0
1587;300;485;0
1588;3;730;0
1589;333;440;1
1590;30;530;0
1591;81;689;0
1592;997;157;1
1593;483;536;0
1594;768;217;0
1595;238;335;0
1596;680;395;0
1597;416;350;0
1598;600;391;0
1599;136;620;0
1600;735;317;1
1601;235;435;0
1602;447;91;0
1603;730;512;0
1604;520;151;0
1605;845;289;1
1606;94;263;0
1607;53;125;1
1608;396;84;1
1609;737;215;0
1610;326;296;0
1611;456;445;0
1612;648;5;1
1613;143;744;0
1614;336;671;0
1615;985;373;0
1616;853;440;0
1617;23;637;0
1618;885;325;0
1619;352;487;0
1620;218;48;0
1621;425;278;1
1622;66;324;0
1623;955;170;1
1624;815;623;1
1625;24;639;0
1626;665;670;0
1627;268;503;1
1628;317;115;0
1629;248;28;0
1630;266;8;1
1631;437;168;0
1632;942;685;1
1633;126;132;1
1634;661;326;0
1635;552;26;1
1636;275;670;1
1637;656;271;1
1638;641;172;1
1639;487;104;0
1640;528;178;0
1641;480;755;0
1642;610;683;0
1643;751;365;0
1644;906;710;0
1645;200;14;0
1646;620;105;0
1647;251;420;1
1648;376;15;1
1649;933;176;1
1650;971;164;1
1651;77;447;1
1652;524;596;0
1653;663;119;1
1654;375;183;0
1655;70;107;0
1656;129;571;0
1657;819;501;0
1658;461;679;0
1659;376;740;0
1660;561;751;0
1661;192;476;1
1662;867;718;0
1663;859;615;0
1664;268;128;0
1665;596;622;0
1666;998;390;1
1667;778;132;0
1668;486;321;0
1669;334;759;0
1670;297;77;1
1671;495;297;0
1672;737;225;1
1673;958;435;0
1674;406;608;0
1675;309;533;1
1676;103;194;0
1677;404;703;0
1678;87;70;0
1679;613;341;0
1680;171;20;0
1681;675;526;0
1682;252;125;1
1683;108;755;1
1684;301;623;1
1685;207;709;0
1686;678;474;0
1687;854;615;0
1688;937;735;1
1689;236;652;1
1690;13;658;0
1691;680;182;0
1692;200;66;0
1693;758;377;0
1694;318;436;0
1695;520;706;1
1696;917;196;1
1697;245;788;1
1698;323;267;1
1699;867;82;1
1700;796;481;0
1701;933;696;0
1702;840;379;0
1703;231;195;0
1704;622;21;1
1705;249;614;0
1706;859;442;0
1707;930;291;1
1708;530;229;0
1709;309;10;0
1710;391;582;1
1711;249;549;0
1712;440;702;0
1713;947;167;0
1714;393;777;0
1715;550;330;1
1716;746;731;0
1717;621;556;0
1718;516;19;1
1719;665;379;0
1720;912;153;0
1721;642;365;0
1722;77;585;0
1723;343;303;0
1724;289;718;1
1725;141;231;0
1726;943;280;0
1727;687;256;0
1728;971;413;1
1729;702;587;1
1730;113;482;0
1731;430;7;0
1732;173;666;0
1733;386;10;0
1734;319;590;1
1735;621;440;0
1736;558;79;1
1737;423;300;0
1738;526;656;0
1739;636;769;0
1740;463;426;1
1741;961;598;0
1742;474;260;0
1743;198;138;1
1744;523;740;0
1745;101;535;0
1746;859;443;1
1747;739;394;1
1748;197;272;1
1749;123;254;0
1750;740;510;0
1751;954;701;0
1752;579;219;1
1753;175;634;0
1754;609;357;0
1755;607;425;0
1756;997;488;0
1757;835;632;0
1758;276;187;0
1759;72;550;0
1760;617;583;0
1761;101;722;0
1762;98;108;0
1763;190;149;0
1764;764;383;0
1765;990;432;0
1766;513;777;0
1767;729;72;1
1768;933;736;0
1769;682;600;1
1770;576;625;0
1771;689;521;1
1772;256;279;1
1773;405;686;0
1774;153;340;0
1775;277;483;0
1776;405;61;1
1777;994;721;0
1778;299;671;1
1779;224;8;0
1780;242;437;0
1781;335;657;0
1782;920;126;0
1783;907;510;1
1784;887;447;0
1785;784;516;0
1786;404;96;1
1787;637;514;0
1788;737;275;1
1789;727;499;0
1791;41;48;0
1792;365;398;0
1793;853;514;0
1794;918;784;0
1795;292;211;0
1796;198;437;0
1797;393;123;0
1798;312;442;0
1799;818;325;0
1800;577;331;0
1801;786;392;0
1802;368;547;0
1803;975;394;1
1804;418;246;0
1805;849;375;0
1806;259;635;0
1807;943;780;1
1808;173;651;1
1809;324;69;0
1810;558;217;1
1811;910;284;0
1812;686;501;0
1813;553;740;1
1814;449;645;0
1815;859;343;0
1816;665;470;0
1817;653;735;0
1818;655;450;0
1819;166;141;1
1820;25;184;1
1821;862;473;0
1822;602;85;1
1823;263;486;1
1824;959;431;0
1825;438;257;0
1826;513;406;0
1827;230;616;0
1828;7;316;1
1829;827;516;1
1830;259;114;1
1831;423;74;1
1832;788;123;1
1833;784;128;0
1834;173;87;0
1835;74;770;1
1836;75;738;1
1837;413;41;0
1838;584;701;1
1839;549;282;1
1840;889;37;0
1841;91;64;0
1842;130;427;0
1843;612;581;0
1844;289;673;0
1845;885;763;1
1846;924;506;0
1847;132;207;0
1848;536;418;1
1849;322;601;0
1850;830;664;1
1851;944;334;0
1852;728;392;0
1853;574;107;1
1854;95;486;1
1855;950;248;1
1856;600;453;0
1857;839;755;0
1858;272;413;1
1859;50;179;1
1860;872;73;0
1861;870;674;0
1862;861;147;0
1863;649;386;0
1864;650;154;1
1865;439;459;0
1866;937;189;0
1867;17;709;0
1868;390;35;0
1869;515;749;0
1870;584;506;0
1871;521;71;0
1872;944;619;0
1873;350;473;0
1874;92;636;0
1875;30;540;0
1876;953;420;0
1877;755;781;0
1878;443;531;1
1879;727;594;0
1880;379;415;1
1881;880;92;0
1882;225;597;0
1883;173;599;0
1884;234;433;0
1885;413;628;0
1886;825;640;0
1887;508;360;0
1888;613;408;0
1889;660;635;0
1890;965;637;1
1891;288;227;0
1892;948;487;0
1893;669;552;0
1894;735;338;1
1895;386;258;0
1896;265;79;0
1897;604;615;0
1898;382;713;0
1899;944;655;0
1900;185;499;0
1901;493;498;1
1902;731;598;0
1903;70;143;0
1904;732;40;1
1905;186;345;0
1906;855;450;0
1907;327;118;0
1908;722;149;0
1909;971;530;1
1910;306;83;1
1911;924;91;0
1912;838;183;0
1913;838;733;0
1914;328;23;0
1915;222;755;0
1916;611;144;0
1917;788;588;0
1918;977;783;1
1919;771;671;0
1920;45;170;0
1921;624;180;0
1922;848;459;0
1923;981;160;1
1924;93;314;0
1925;893;325;0
1926;398;250;1
1927;776;55;1
1928;744;521;0
1929;916;94;1
1930;684;190;0
1931;622;514;0
1932;720;626;0
1933;856;631;0
1934;434;326;0
1935;437;19;1
1936;759;205;0
1937;704;224;0
1938;503;679;1
1939;487;40;0
1940;688;600;0
1941;522;746;1
1942;562;620;1
1943;674;404;1
1944;230;466;1
1945;155;128;0
1946;984;770;0
1947;320;250;0
1948;891;215;0
1949;297;679;0
1950;302;692;0
1951;143;43;0
1952;513;115;0
1953;460;207;0
1954;617;9;0
1955;511;480;0
1956;824;792;0
1957;811;525;0
1958;391;701;0
1959;270;134;1
1960;167;184;1
1961;662;496;0
1962;677;268;0
1963;125;511;1
1964;682;5;0
1965;150;4;0
1966;985;89;1
1967;193;346;0
1968;407;261;1
1969;452;149;0
1970;751;713;0
1971;314;272;1
1972;492;60;0
1973;267;705;0
1974;15;777;0
1975;295;671;0
1976;597;20;0
1977;331;92;0
1978;73;82;0
1979;161;105;1
1980;405;554;0
1981;460;612;1
1982;408;84;0
1983;249;552;0
1984;376;176;0
1985;363;451;0
1986;353;95;0
1987;807;326;0
1988;377;209;0
1989;266;720;1
1990;877;399;0
1991;23;73;0
1992;669;635;1
1993;835;528;0
1994;342;287;0
1995;62;127;0
1996;577;506;1
1997;163;409;0
1998;650;373;1
1999;164;771;0
2000;215;387;0
2001;980;285;0
2002;957;89;1
2003;81;668;0
2004;671;190;1
2005;325;223;0
2006;578;795;0
2007;124;63;0
2008;174;692;0
2009;449;497;1
2010;394;624;0
2011;33;638;0
2012;886;767;0
2013;323;233;0
2014;984;450;0
2015;489;150;0
2016;632;494;0
2017;858;610;1
2018;745;601;0
2019;373;218;0
2020;721;114;0
2021;811;779;0
2022;767;221;0
2023;66;410;0
2024;226;428;0
2025;748;33;1
2026;392;799;0
2027;405;558;0
2028;922;327;0
2029;574;231;0
2030;243;453;0
2031;40;709;0
2032;56;610;0
2033;305;470;1
2034;838;530;0
2035;175;32;0
2036;106;362;0
2037;105;595;1
2038;678;685;0
2039;893;335;0
2040;993;674;0
2041;575;712;0
2042;788;456;0
2043;777;510;0
2044;971;660;0
2045;4;309;0
2046;837;350;0
2047;681;15;1
2048;488;69;0
2049;771;69;0
2050;240;522;1
2051;857;249;1
2052;539;244;0
2053;792;567;0
2054;165;277;0
2055;906;563;0
2056;438;724;0
2057;414;327;0
2058;244;697;0
2059;713;748;0
2060;796;641;0
2061;549;756;1
2062;69;588;0
2063;266;24;1
2064;871;228;1
2065;727;347;1
2066;45;207;0
2067;786;249;0
2068;99;288;1
2069;576;560;1
2070;250;298;0
2071;339;670;1
2072;396;362;1
2073;749;667;0
2074;257;374;0
2075;770;137;0
2076;236;600;0
2077;634;543;1
2078;891;598;0
2079;688;740;1
2080;243;381;1
2081;497;368;1
2082;852;397;0
2083;353;157;0
2084;67;539;1
2085;904;468;1
2086;211;81;0
2087;595;354;1
2088;33;89;0
2089;9;645;0
2090;642;179;0
2091;378;343;1
2092;427;269;1
2093;254;646;1
2094;150;59;1
2095;699;17;0
2096;791;233;1
2097;668;83;0
2098;674;710;0
2099;372;210;1
2100;208;550;0
2101;390;611;0
2102;584;379;0
2103;448;8;0
2104;701;25;0
2105;656;628;0
2106;368;41;0
2107;741;141;0
2108;367;424;0
2109;879;321;1
2110;197;583;0
2111;654;407;1
2112;109;681;0
2113;129;754;0
2114;150;264;0
2115;179;592;0
2116;323;42;1
2117;709;594;1
2118;304;101;0
2119;150;560;0
2120;745;476;1
2121;826;561;0
2122;897;601;0
2123;902;93;0
2124;513;679;0
2125;910;258;0
2126;238;320;1
2127;675;486;0
2128;299;680;1
2129;894;62;0
2130;254;709;0
2131;630;635;0
2132;397;286;0
2133;863;605;0
2134;499;296;0
2135;656;348;0
2136;796;113;0
2137;700;218;0
2138;554;448;0
2139;551;243;0
2140;883;198;1
2141;582;651;0
2142;455;178;1
2143;465;101;0
2144;9;344;0
2145;232;90;0
2146;530;368;1
2147;167;52;0
2148;692;722;0
2149;395;604;0
2150;619;492;0
2151;426;583;1
2152;283;452;0
2153;321;794;0
2154;83;161;1
2155;410;154;0
2156;441;784;0
2157;496;415;0
2158;380;15;0
2159;493;44;0
2160;188;643;1
2161;58;7;0
2162;477;260;0
2163;269;749;0
2164;709;418;1
2165;277;545;0
2166;541;773;0
2167;727;783;1
2168;582;526;1
2169;917;149;1
2170;622;330;0
2171;100;71;1
2172;793;575;1
2173;522;406;0
2174;234;257;1
2175;726;611;0
2176;476;180;0
2177;46;380;1
2178;881;796;0
2179;582;678;0
2180;827;540;0
2181;772;704;0
2182;603;742;0
2183;319;130;0
2184;533;244;0
2185;616;621;0
2186;12;647;0
2187;594;178;0
2188;337;672;0
2189;623;360;0
2190;309;625;0
2191;602;158;0
2192;725;671;0
2193;200;722;0
2194;59;493;0
2195;762;173;1
2196;341;291;0
2197;454;295;0
2198;418;770;1
2199;535;409;1
2200;693;146;0
2201;861;429;1
2202;941;64;0
2203;442;542;0
2204;188;226;0
2205;670;420;0
2206;440;236;0
2207;686;643;1
2208;330;107;0
2209;441;44;0
2210;137;162;0
2211;6;464;1
2212;800;258;0
2213;765;371;0
2214;692;800;0
2215;37;93;0
2216;501;45;1
2217;249;336;0
2218;928;774;0
2219;163;686;1
2220;814;511;0
2221;370;718;0
2222;612;746;0
2223;317;147;0
2224;340;772;0
2225;776;680;1
2226;510;494;0
2227;471;469;0
2228;279;300;0
2229;536;610;0
2230;441;424;1
2231;914;437;1
2232;1;225;0
2233;282;789;0
2234;160;796;1
2235;363;367;0
2236;79;588;0
2237;757;561;0
2238;667;305;0
2239;691;340;1
2240;793;330;0
2241;271;647;0
2242;76;53;0
2243;850;9;0
2244;305;9;0
2245;929;703;0
2246;161;676;0
2247;573;368;0
2248;737;739;0
2249;33;222;0
2250;311;383;0
2251;371;211;1
2252;822;759;0
2253;513;2;1
2254;430;760;0
2255;973;219;1
2256;54;117;0
2257;348;59;0
2258;804;317;1
2259;158;691;0
2260;259;542;0
2261;93;560;1
2262;852;704;0
2263;963;187;0
2264;2;439;0
2265;775;412;1
2266;627;12;1
2267;200;445;0
2268;457;406;0
2269;31;63;1
2270;519;462;0
2271;766;739;1
2272;343;126;1
2273;551;476;0
2274;344;698;0
2275;25;100;0
2276;869;594;0
2277;277;218;0
2278;201;578;0
2279;802;211;1
2280;975;684;0
2281;674;714;1
2282;296;146;0
2283;38;570;1
2284;934;626;0
2285;244;797;1
2286;263;768;0
2287;832;168;0
2288;886;53;0
2289;551;341;0
2290;525;204;0
2291;993;681;0
2292;104;193;1
2293;324;58;0
2294;323;710;0
2295;355;742;1
2296;1001;731;0
2297;525;58;1
2298;769;684;0
2299;856;309;0
2300;216;233;0
2301;486;359;1
2302;68;192;0
2303;931;496;0
2304;98;322;1
2305;296;524;1
2306;610;133;0
2307;180;786;0
2308;148;100;0
2309;428;402;0
2310;364;139;0
2311;949;184;0
2312;314;314;0
2313;785;529;0
2314;82;521;0
2315;226;610;1
2316;985;528;0
2317;861;432;1
2318;694;221;0
2319;74;747;1
2320;845;508;0
2321;460;280;0
2322;171;188;1
2323;830;174;0
2324;217;537;0
2325;523;604;0
2326;544;379;1
2327;178;546;0
2328;556;496;1
2329;45;403;0
2330;674;688;0
2331;627;159;1
2332;258;552;0
2333;515;451;1
2334;166;692;1
2335;890;266;1
2336;462;208;1
2337;778;729;0
2338;20;363;1
2339;988;559;0
2340;528;731;0
2341;554;12;1
2342;606;126;0
2343;304;583;0
2344;146;589;1
2345;213;78;0
2346;863;274;0
2347;602;35;0
2348;547;712;0
2349;814;444;0
2350;503;659;0
2351;990;139;0
2352;704;434;0
2353;605;540;0
2354;329;133;0
2355;1;292;0
2356;603;565;0
2357;354;473;0
2358;486;708;0
2359;146;391;1
2360;74;698;1
2361;193;457;0
2362;817;689;0
2363;605;523;0
2364;851;639;1
2365;215;585;0
2366;164;599;0
2367;588;48;0
2368;222;311;1
2369;394;86;0
2370;697;625;0
2371;827;28;0
2372;959;261;0
2373;963;782;1
2374;448;434;0
2375;995;503;0
2376;304;520;0
2377;656;663;0
2378;160;162;1
2379;940;127;0
2380;750;275;0
2381;772;414;0
2382;636;747;1
2383;972;96;0
2384;470;453;0
2385;68;289;0
2386;233;356;1
2387;583;669;0
2388;233;374;0
2389;409;354;0
2390;987;314;0
2391;478;201;0
2392;847;494;0
2393;48;78;1
2394;708;337;0
2395;212;189;0
2396;448;752;0
2397;574;279;0
2398;417;515;0
2399;451;46;0
2400;495;561;0
2401;406;295;1
2402;148;690;0
2403;403;88;1
2404;607;615;1
2405;75;492;0
2406;411;232;0
2407;702;534;1
2408;421;420;1
2409;780;646;0
2410;76;331;1
2411;831;534;0
2412;267;81;0
2413;400;181;0
2414;782;1;0
2415;911;492;1
2416;956;590;1
2417;378;578;0
2418;408;498;0
2419;51;332;0
2420;416;760;0
2421;848;148;0
2422;80;182;0
2423;866;761;1
2424;118;264;1
2425;160;614;1
2426;330;111;0
2427;117;651;1
2428;996;562;0
2429;322;497;0
2430;45;220;0
2431;144;238;0
2432;95;538;1
2433;267;334;1
2434;909;377;0
2435;483;219;0
2436;314;463;1
2437;593;651;1
2438;227;380;0
2439;735;364;1
2440;117;125;0
2441;740;375;1
2442;264;136;1
2443;83;559;0
2444;30;601;1
2445;83;366;1
2446;189;787;1
2447;743;579;0
2448;40;409;1
2449;828;459;1
2450;320;760;0
2451;790;20;0
2452;850;279;0
2453;316;402;0
2454;119;383;0
2455;586;29;0
2456;201;753;0
2457;987;32;0
2458;566;136;1
2459;980;234;0
2460;495;645;1
2461;338;63;1
2462;234;215;0
2463;978;345;1
2464;904;353;0
2465;516;100;1
2466;732;62;1
2467;778;407;0
2468;139;187;0
2469;436;16;1
2470;785;471;0
2471;354;225;1
2472;851;27;0
2473;343;186;0
2474;73;556;1
2475;635;381;0
2476;561;771;0
2477;266;283;1
2478;173;750;0
2479;341;729;0
2480;614;647;0
2481;872;314;0
2482;946;171;0
2483;80;549;1
2484;351;726;0
2485;109;668;0
2486;707;636;1
2487;817;609;0
2488;243;683;1
2489;694;439;1
2490;44;27;0
2491;42;130;0
2492;493;780;1
2493;662;674;0
2494;279;185;1
2495;329;274;0
2496;43;267;0
2497;884;700;1
2498;495;573;0
2499;163;425;1
2500;286;136;0
2501;203;339;0
2502;650;539;0
2503;498;436;1
2504;827;480;1
2505;884;599;0
2506;673;547;0
2507;302;506;0
2508;423;705;0
2509;614;356;0
2510;776;37;0
2511;811;476;1
2512;748;390;1
2513;67;508;0
2514;584;305;0
2515;317;483;0
2516;645;423;0
2517;393;776;1
2518;353;106;1
2519;197;338;0
2520;614;673;0
2521;232;682;0
2522;848;243;1
2523;788;669;0
2524;369;311;0
2525;99;740;0
2526;83;327;0
2527;607;713;0
2528;917;662;0
2529;579;705;1
2530;626;433;0
2531;969;636;0
2532;571;780;0
2533;1;341;0
2534;978;135;0
2535;910;421;0
2536;484;797;0
2537;916;612;0
2538;944;445;1
2539;487;537;0
2540;940;649;1
2541;375;557;0
2542;121;351;0
2543;915;611;0
2544;41;281;0
2545;16;56;0
2546;901;322;0
2547;382;631;0
2548;393;757;0
2549;304;489;0
2550;422;771;0
2551;965;383;1
2552;350;457;0
2553;849;159;0
2554;95;422;0
2555;885;332;0
2556;999;185;0
2557;361;363;1
2558;813;11;0
2559;13;107;0
2560;270;141;0
2561;932;645;1
2562;171;44;0
2563;533;287;0
2564;449;742;1
2565;322;610;0
2566;518;104;0
2567;467;471;1
2568;889;508;0
2569;855;348;0
2570;946;661;0
2571;512;772;1
2572;359;779;0
2573;357;32;0
2574;622;184;1
2575;119;51;0
2576;176;46;0
2577;854;724;0
2578;863;315;1
2579;744;402;0
2580;697;421;1
2581;346;619;1
2582;686;275;0
2583;829;749;1
2584;906;112;1
2585;415;585;0
2586;6;789;0
2587;921;289;0
2588;125;28;1
2589;723;471;1
2590;234;468;0
2591;947;570;1
2592;968;151;0
2593;740;202;0
2594;271;732;0
2595;982;42;0
2596;25;563;0
2597;152;8;1
2598;91;294;0
2599;624;128;0
2600;354;101;0
2601;822;132;0
2602;400;73;0
2603;575;15;1
2604;727;152;1
2605;26;592;0
2606;102;341;0
2607;996;635;0
2608;916;274;0
2609;676;438;1
2610;404;758;0
2611;880;209;0
2612;68;531;0
2613;439;96;1
2614;967;759;0
2615;810;466;0
2616;134;51;1
2617;808;237;1
2618;334;527;0
2619;485;257;0
2620;305;788;0
2621;59;761;0
2622;236;298;0
2623;259;754;0
2624;977;335;0
2625;776;685;0
2626;476;163;0
2627;802;30;0
2628;367;385;0
2629;399;651;0
2630;84;605;0
2631;560;113;1
2632;836;53;0
2633;244;689;1
2634;879;376;0
2635;189;28;0
2636;337;187;1
2637;974;637;0
2638;386;131;1
2639;515;648;0
2640;614;252;0
2641;987;691;0
2642;795;296;1
2643;879;529;1
2644;885;482;0
2645;171;194;0
2646;773;781;0
2647;379;295;0
2648;843;491;1
2649;483;631;1
2650;377;170;1
2651;144;622;0
2652;609;593;0
2653;884;247;1
2654;550;364;0
2655;345;769;0
2656;370;761;0
2657;129;575;1
2658;644;356;0
2659;160;680;0
2660;27;770;1
2661;824;14;1
2662;821;655;0
2663;52;458;0
2664;129;69;1
2665;506;142;1
2666;113;238;0
2667;333;241;0
2668;921;666;1
2670;1;750;0
2671;138;408;0
2672;74;390;0
2673;781;780;0
2674;249;606;0
2675;457;24;0
2676;751;561;0
2677;583;689;0
2678;720;575;0
2679;369;277;1
2680;563;748;0
2681;390;784;0
2682;264;350;0
2683;944;784;1
2684;67;557;1
2685;335;51;1
2686;74;434;1
2687;792;462;1
2688;730;203;1
2689;32;617;1
2690;276;386;0
2691;344;631;1
2692;311;275;1
2693;263;701;0
2694;88;271;1
2695;530;704;0
2696;427;190;0
2697;81;183;1
2698;772;698;1
2699;46;432;0
2700;47;106;1
2701;256;329;0
2702;493;357;1
2703;135;683;0
2704;276;208;0
2705;325;360;0
2706;83;768;0
2707;762;510;0
2708;176;635;1
2709;707;514;0
2710;397;342;0
2711;546;622;1
2712;701;227;1
2713;405;262;0
2714;899;191;0
2715;392;124;0
2716;141;636;0
2717;75;189;0
2718;374;259;0
2719;118;285;0
2720;270;683;0
2721;507;239;1
2722;90;139;1
2723;362;648;0
2724;632;799;0
2725;807;797;0
2726;729;777;0
2727;174;428;0
2728;300;294;0
2729;210;758;1
2730;162;244;0
2731;75;606;0
2732;596;186;1
2733;737;540;0
2734;459;232;0
2735;662;521;0
2736;789;192;1
2737;608;405;1
2738;493;509;0
2739;823;502;0
2740;746;477;0
2741;317;393;0
2742;190;206;0
2743;403;622;1
2744;498;367;0
2745;665;796;0
2746;283;539;1
2747;379;270;1
2748;343;298;1
2749;242;682;0
2750;574;47;0
2751;76;397;1
2752;149;381;0
2753;512;86;1
2754;106;185;0
2755;442;294;0
2756;62;777;0
2757;747;327;0
2758;459;209;1
2759;747;162;0
2760;995;435;1
2761;139;183;0
2762;58;761;0
2763;485;509;0
2764;567;13;0
2765;622;372;0
2766;160;224;0
2767;137;722;1
2768;36;230;0
2769;891;497;0
2770;701;699;0
2771;643;316;0
2772;219;781;1
2773;119;258;0
2774;405;717;0
2775;506;387;0
2776;953;728;0
2777;904;273;0
2778;40;180;0
2779;494;742;0
2780;288;766;0
2781;744;386;0
2782;357;395;1
2783;283;424;1
2784;145;77;0
2785;265;757;0
2786;242;58;0
2787;53;458;0
2788;285;56;0
2789;5;744;1
2790;611;742;0
2791;229;681;0
2792;59;189;0
2793;353;420;0
2794;421;370;0
2795;584;135;0
2796;532;764;0
2797;922;507;0
2798;105;207;1
2799;427;352;0
2800;714;273;0
2801;586;495;1
2802;686;748;0
2803;767;373;1
2804;399;111;1
2805;490;404;0
2806;970;662;1
2807;816;31;1
2808;500;221;0
2809;119;389;0
2810;938;174;1
2811;731;494;0
2812;228;346;0
2813;369;400;1
2814;245;407;1
2815;229;555;0
2816;698;537;0
2817;532;229;1
2818;308;690;0
2819;534;163;0
2820;342;738;1
2821;688;658;0
2822;492;489;1
2823;257;137;0
2824;613;477;0
2825;289;192;0
2826;322;501;0
2827;44;519;1
2828;566;424;1
2829;622;348;0
2830;827;538;0
2831;625;39;0
2832;775;224;1
2833;607;521;0
2834;878;327;0
2835;763;192;0
2836;861;236;0
2837;543;176;0
2838;649;778;0
2839;563;468;0
2840;218;654;0
2841;248;580;0
2842;210;644;0
2843;86;596;0
2844;355;218;0
2845;90;12;0
2846;940;40;0
2847;863;46;0
2848;954;609;1
2849;414;512;1
2850;127;520;0
2851;631;157;1
2852;708;658;0
2853;867;192;1
2854;801;233;1
2855;524;82;1
2856;488;499;0
2857;777;618;0
2858;718;248;1
2859;693;125;1
2860;870;36;1
2861;579;274;0
2862;448;404;1
2863;210;89;0
2864;906;394;0
2865;195;219;0
2866;887;277;0
2867;864;553;0
2868;191;177;0
2869;216;778;0
2870;124;397;1
2871;584;749;1
2872;551;57;1
2873;859;535;0
2874;426;7;0
2875;675;70;0
2876;715;306;0
2877;294;670;0
2878;26;140;0
2879;400;394;1
2880;673;63;0
2881;402;182;0
2882;580;49;0
2883;702;735;1
2884;976;491;0
2885;648;750;0
2886;136;610;0
2887;70;597;0
2888;612;79;1
2889;903;198;0
2890;321;185;0
2891;2;511;0
2892;206;366;0
2893;289;385;0
2894;344;666;0
2895;511;554;1
2896;901;366;0
2897;874;451;1
2898;38;557;0
2899;74;553;1
2900;465;13;0
2901;143;417;1
2902;295;563;0
2903;136;377;1
2904;924;512;0
2905;711;533;0
2906;352;551;0
2907;746;642;0
2908;217;225;1
2909;119;631;1
2910;122;222;0
2911;391;795;0
2912;761;292;1
2913;227;99;0
2914;346;29;1
2915;834;183;0
2916;888;20;1
2917;597;240;0
2918;745;653;0
2919;206;218;0
2920;196;225;0
2921;643;176;0
2922;798;717;0
2923;263;146;0
2924;639;696;0
2925;462;452;0
2926;334;403;0
2927;623;555;0
2928;947;634;1
2929;931;382;1
2930;496;529;0
2931;589;194;1
2932;618;420;0
2933;879;185;0
2934;365;644;0
2935;717;196;0
2936;927;742;0
2937;947;130;1
2938;88;440;0
2939;1;312;1
2940;263;274;0
2941;44;404;0
2942;499;259;0
2943;939;615;0
2944;207;41;0
2945;79;349;1
2946;344;268;1
2947;41;222;0
2948;986;175;1
2949;819;733;0
2950;640;90;0
2951;35;670;0
2952;942;86;0
2953;977;340;0
2954;173;493;0
2955;16;788;0
2956;777;680;1
2957;656;232;1
2958;111;55;1
2959;285;197;1
2960;903;491;0
2961;476;772;0
2962;301;38;0
2963;547;88;0
2964;532;302;0
2965;728;202;0
2966;657;155;0
2967;98;310;1
2968;542;689;0
2969;313;409;0
2970;503;561;0
2971;844;415;0
2972;655;697;0
2973;166;387;1
2974;340;753;1
2975;742;626;0
2976;564;12;0
2977;11;729;1
2978;618;735;0
2979;823;66;0
2980;312;24;0
2981;947;544;1
2982;552;757;0
2983;221;448;1
2984;638;75;0
2985;827;158;0
2986;782;610;0
2987;883;40;1
2988;668;335;0
2989;899;319;1
2990;410;37;0
2991;902;763;0
2992;224;382;0
2993;329;217;0
2994;212;614;0
2995;304;59;0
2996;28;335;0
2997;955;610;1
2998;437;132;0
2999;223;280;0
3000;257;41;1
