annonce;Date_depot;Date_recup
1;01/01/2017 15:10;28/01/2017 23:57
2;01/01/2017 23:10;05/01/2017 23:56
3;26/01/2017 16:55;26/01/2017 16:41
4;01/01/2017 7:35;21/01/2017 16:57
5;01/01/2017 23:1;22/01/2017 23:20
6;30/01/2017 22:42;31/01/2017 22:21
7;12/01/2017 19:10;25/01/2017 23:46
8;15/01/2017 20:54;25/01/2017 23:17
9;27/01/2017 2:41;27/01/2017 17:8
10;22/01/2017 4:56;25/01/2017 17:53
11;11/01/2017 0:0;16/01/2017 7:22
12;10/01/2017 17:54;22/01/2017 23:11
13;24/01/2017 7:45;26/01/2017 16:35
14;04/01/2017 9:7;11/01/2017 9:1
15;22/01/2017 3:25;24/01/2017 7:46
16;11/01/2017 14:10;31/01/2017 19:36
17;22/01/2017 13:48;31/01/2017 20:56
18;06/01/2017 0:27;24/01/2017 14:4
19;24/01/2017 11:58;30/01/2017 21:27
20;16/01/2017 3:45;22/01/2017 16:5
21;29/01/2017 13:22;29/01/2017 22:11
22;17/01/2017 5:42;26/01/2017 8:59
23;25/01/2017 21:38;30/01/2017 23:49
24;18/01/2017 11:32;30/01/2017 12:37
25;16/01/2017 14:16;20/01/2017 21:17
26;22/01/2017 15:28;23/01/2017 18:44
27;06/01/2017 9:13;10/01/2017 9:3
28;22/01/2017 7:42;22/01/2017 21:9
29;23/01/2017 6:4;26/01/2017 19:11
30;05/01/2017 16:49;29/01/2017 18:40
31;14/01/2017 4:9;26/01/2017 16:60
32;16/01/2017 13:14;29/01/2017 23:49
33;01/01/2017 20:31;31/01/2017 20:42
34;03/01/2017 18:30;18/01/2017 23:18
35;16/01/2017 15:40;20/01/2017 20:51
36;04/01/2017 9:9;18/01/2017 17:34
37;21/01/2017 20:15;22/01/2017 23:31
38;04/01/2017 10:1;25/01/2017 21:14
39;06/01/2017 23:26;19/01/2017 23:50
40;22/01/2017 5:16;24/01/2017 13:18
41;12/01/2017 17:50;31/01/2017 23:26
42;29/01/2017 2:3;31/01/2017 6:60
43;12/01/2017 4:44;14/01/2017 14:59
44;04/01/2017 11:39;19/01/2017 21:35
45;24/01/2017 7:22;24/01/2017 13:30
46;06/01/2017 1:21;25/01/2017 18:29
47;26/01/2017 7:27;27/01/2017 8:26
48;10/01/2017 4:50;16/01/2017 19:17
49;07/01/2017 6:53;17/01/2017 8:7
50;26/01/2017 19:31;29/01/2017 23:10
51;12/01/2017 10:40;18/01/2017 11:49
52;26/01/2017 8:43;30/01/2017 22:46
53;19/01/2017 14:25;22/01/2017 15:55
54;02/01/2017 16:8;22/01/2017 23:18
55;24/01/2017 1:28;24/01/2017 22:11
56;04/01/2017 1:12;17/01/2017 2:41
57;29/01/2017 20:51;29/01/2017 22:50
58;18/01/2017 6:16;18/01/2017 19:19
59;31/01/2017 10:19;31/01/2017 23:59
60;01/01/2017 6:25;28/01/2017 12:57
61;20/01/2017 4:50;29/01/2017 4:34
62;09/01/2017 5:8;27/01/2017 14:11
63;18/01/2017 11:48;29/01/2017 18:39
64;29/01/2017 5:24;31/01/2017 7:15
65;07/01/2017 12:42;18/01/2017 21:11
66;31/01/2017 7:7;31/01/2017 22:5
67;21/01/2017 11:12;21/01/2017 19:39
68;29/01/2017 9:24;29/01/2017 13:8
69;17/01/2017 18:2;24/01/2017 18:49
70;03/01/2017 14:58;24/01/2017 19:12
71;17/01/2017 14:16;29/01/2017 16:59
72;06/01/2017 8:38;30/01/2017 18:45
73;06/01/2017 2:27;11/01/2017 12:27
74;12/01/2017 15:2;26/01/2017 17:24
75;22/01/2017 14:23;28/01/2017 20:18
76;14/01/2017 1:6;16/01/2017 16:50
77;22/01/2017 21:32;25/01/2017 23:14
78;28/01/2017 11:26;31/01/2017 15:31
79;02/01/2017 2:46;20/01/2017 2:39
80;31/01/2017 6:2;31/01/2017 15:60
81;27/01/2017 3:41;28/01/2017 13:26
82;25/01/2017 17:20;26/01/2017 21:5
83;16/01/2017 23:25;23/01/2017 23:48
84;28/01/2017 22:15;28/01/2017 22:27
85;20/01/2017 8:8;31/01/2017 12:22
86;14/01/2017 2:54;21/01/2017 22:58
87;16/01/2017 1:8;31/01/2017 5:23
88;24/01/2017 3:9;24/01/2017 23:35
89;11/01/2017 1:4;23/01/2017 11:17
90;14/01/2017 7:50;21/01/2017 9:44
91;01/01/2017 11:11;07/01/2017 22:1
92;11/01/2017 22:26;30/01/2017 22:6
93;18/01/2017 1:20;22/01/2017 10:4
94;16/01/2017 14:49;17/01/2017 22:17
95;11/01/2017 18:12;26/01/2017 18:39
96;02/01/2017 12:6;07/01/2017 13:37
97;28/01/2017 9:52;29/01/2017 10:29
98;14/01/2017 15:7;22/01/2017 22:7
99;26/01/2017 16:22;26/01/2017 21:13
100;27/01/2017 9:39;30/01/2017 22:13
101;26/01/2017 6:24;30/01/2017 8:41
102;01/01/2017 7:8;12/01/2017 10:11
103;22/01/2017 4:9;23/01/2017 21:54
104;27/01/2017 4:45;27/01/2017 13:58
105;07/01/2017 14:55;18/01/2017 19:1
106;25/01/2017 16:49;26/01/2017 22:14
107;01/01/2017 2:11;09/01/2017 8:55
108;20/01/2017 18:56;29/01/2017 21:25
109;15/01/2017 19:18;30/01/2017 21:7
110;22/01/2017 12:53;26/01/2017 15:24
111;23/01/2017 19:57;24/01/2017 20:44
112;06/01/2017 6:20;16/01/2017 12:14
113;18/01/2017 22:35;22/01/2017 23:50
114;09/01/2017 9:5;29/01/2017 21:7
115;21/01/2017 3:22;31/01/2017 10:32
116;26/01/2017 12:59;29/01/2017 21:31
117;10/01/2017 0:12;18/01/2017 3:24
118;19/01/2017 11:37;31/01/2017 12:50
119;04/01/2017 10:7;08/01/2017 21:57
120;19/01/2017 14:5;28/01/2017 22:46
121;13/01/2017 17:10;26/01/2017 19:26
122;27/01/2017 1:58;29/01/2017 13:22
123;12/01/2017 23:18;28/01/2017 23:9
124;01/01/2017 18:41;30/01/2017 21:55
125;20/01/2017 13:52;21/01/2017 15:3
126;01/01/2017 21:33;09/01/2017 22:57
127;19/01/2017 0:52;26/01/2017 21:36
128;08/01/2017 18:34;10/01/2017 21:10
129;29/01/2017 17:5;31/01/2017 17:43
130;11/01/2017 19:16;18/01/2017 23:33
131;05/01/2017 18:40;22/01/2017 18:53
132;18/01/2017 9:49;25/01/2017 19:40
133;09/01/2017 21:18;13/01/2017 21:19
134;18/01/2017 8:52;27/01/2017 13:58
135;30/01/2017 8:43;31/01/2017 22:50
136;18/01/2017 23:42;27/01/2017 23:26
137;23/01/2017 1:1;27/01/2017 20:43
138;13/01/2017 8:53;27/01/2017 20:24
139;25/01/2017 7:34;25/01/2017 23:55
140;10/01/2017 14:39;27/01/2017 14:56
141;30/01/2017 21:59;31/01/2017 23:29
142;27/01/2017 14:17;31/01/2017 15:57
143;31/01/2017 7:57;31/01/2017 9:58
144;19/01/2017 3:16;20/01/2017 15:36
145;25/01/2017 16:34;29/01/2017 21:51
146;12/01/2017 20:37;25/01/2017 21:44
147;30/01/2017 16:30;31/01/2017 18:18
148;01/01/2017 17:30;14/01/2017 19:34
149;30/01/2017 15:55;30/01/2017 22:2
150;24/01/2017 5:18;27/01/2017 22:31
151;25/01/2017 18:56;30/01/2017 22:16
152;14/01/2017 4:13;16/01/2017 6:47
153;18/01/2017 23:26;23/01/2017 23:32
154;18/01/2017 11:34;19/01/2017 23:40
155;26/01/2017 7:28;27/01/2017 7:0
156;05/01/2017 9:19;08/01/2017 12:13
157;14/01/2017 14:9;14/01/2017 16:59
158;05/01/2017 20:43;20/01/2017 22:36
159;12/01/2017 13:58;13/01/2017 19:14
160;14/01/2017 4:9;30/01/2017 17:32
161;01/01/2017 21:46;09/01/2017 22:31
162;14/01/2017 19:45;15/01/2017 22:15
163;10/01/2017 8:28;19/01/2017 8:41
164;20/01/2017 23:43;29/01/2017 23:7
165;15/01/2017 5:53;25/01/2017 8:20
166;20/01/2017 20:12;23/01/2017 21:32
167;21/01/2017 6:38;28/01/2017 12:32
168;13/01/2017 0:6;24/01/2017 23:59
169;18/01/2017 14:56;24/01/2017 19:16
170;31/01/2017 0:13;31/01/2017 12:21
171;09/01/2017 3:24;24/01/2017 8:13
172;06/01/2017 2:52;15/01/2017 5:14
173;25/01/2017 17:48;30/01/2017 19:3
174;26/01/2017 19:49;30/01/2017 22:0
175;12/01/2017 3:37;26/01/2017 10:36
176;07/01/2017 2:30;24/01/2017 7:58
177;09/01/2017 10:45;28/01/2017 13:51
178;17/01/2017 3:48;28/01/2017 12:39
179;15/01/2017 18:35;24/01/2017 23:36
180;28/01/2017 4:38;29/01/2017 4:25
181;12/01/2017 22:27;19/01/2017 22:54
182;10/01/2017 2:21;21/01/2017 21:15
183;15/01/2017 13:16;17/01/2017 21:16
184;31/01/2017 16:16;31/01/2017 16:22
185;28/01/2017 3:33;28/01/2017 11:7
186;14/01/2017 12:22;20/01/2017 21:49
187;13/01/2017 5:45;29/01/2017 19:11
188;28/01/2017 19:9;29/01/2017 23:20
189;06/01/2017 22:19;17/01/2017 23:6
190;18/01/2017 4:42;26/01/2017 11:3
191;09/01/2017 23:4;13/01/2017 23:3
192;06/01/2017 21:55;24/01/2017 22:60
193;27/01/2017 20:25;29/01/2017 21:31
194;03/01/2017 14:0;16/01/2017 21:44
195;30/01/2017 1:21;31/01/2017 10:15
196;26/01/2017 21:32;27/01/2017 21:21
197;02/01/2017 2:58;23/01/2017 4:48
198;23/01/2017 0:7;24/01/2017 11:29
199;15/01/2017 11:39;25/01/2017 16:17
200;29/01/2017 17:6;29/01/2017 21:10
